<?xml version="1.0" encoding="UTF-8"?><rss version="2.0"
	xmlns:content="http://purl.org/rss/1.0/modules/content/"
	xmlns:dc="http://purl.org/dc/elements/1.1/"
	xmlns:atom="http://www.w3.org/2005/Atom"
	xmlns:sy="http://purl.org/rss/1.0/modules/syndication/"
	
	>
<channel>
	<title>
	دیدگاه‌ها برای: ۱۰ نکته مهم در طراحی سایت فروشگاهی	</title>
	<atom:link href="http://localhost/10-tips-for-ecommerce-website/feed/" rel="self" type="application/rss+xml" />
	<link>/10-tips-for-ecommerce-website/</link>
	<description>آژانس طراحی سایت با بیش از ۵ سال سابقه</description>
	<lastBuildDate>Wed, 16 Feb 2022 18:30:02 +0000</lastBuildDate>
	<sy:updatePeriod>
	hourly	</sy:updatePeriod>
	<sy:updateFrequency>
	1	</sy:updateFrequency>
	
</channel>
</rss>
